"","year","total.population","total.population.pct","total.population.change","total.violation.population","total.violation.population.pct","total.violation.population.change","tech.violations","tech.violation.population.pct","tech.violation.population.change"
"1","2018",1217422.4972067,NA,NA,293146.414201183,NA,NA,126902.459259259,NA,NA
"2","2019",1192636.41340782,-0.020359475741374,-24786.0837988828,283725.715976331,-0.03213649483151,-9420.69822485204,117996.315151515,-0.0701810206022014,-8906.1441077441
"3","2020",1047997.58100559,-0.121276552330769,-144638.832402235,236043.715976331,-0.168056673452813,-47682,100875.441077441,-0.14509668418111,-17120.8740740741
