"","year","total.population","total.population.pct","total.population.change","total.violation.population","total.violation.population.pct","total.violation.population.change","tech.violations","tech.violation.population.pct","tech.violation.population.change"
"1","2017",1312326.74860335,NA,NA,309544.50887574,NA,NA,139196.962962963,NA,NA
"2","2018",1217422.4972067,-0.0723175470572783,-94904.2513966479,293146.414201183,-0.0529749170292628,-16398.0946745562,126902.459259259,-0.0883245111243914,-12294.5037037037
"3","2019",1192636.41340782,-0.020359475741374,-24786.0837988828,283725.715976331,-0.03213649483151,-9420.69822485204,117996.315151515,-0.0701810206022014,-8906.1441077441
"4","2020",1047997.58100559,-0.121276552330769,-144638.832402235,236043.715976331,-0.168056673452813,-47682,100875.441077441,-0.14509668418111,-17120.8740740741
