"","States","pct_18_19","States","pct_19_20"
"1","Oklahoma",-0.357043235704324,"California",-0.680293414654249
"2","Rhode Island",-0.205962059620596,"Rhode Island",-0.672354948805461
"3","Missouri",-0.177307499821263,"Connecticut",-0.466490765171504
"4","Maine",-0.175182481751825,"North Dakota",-0.446657183499289
"5","Alaska",-0.135717458907152,"Illinois",-0.424211980409393
